sex,length,diameter,heigth,whole_weight,shucked_weight,viscera_weight,shell_weight,rings
I,0.355,0.28,0.085,0.2905,0.095,0.0395,0.115,7
F,0.44,0.34,0.1,0.451,0.188,0.087,0.13,10
M,0.365,0.295,0.08,0.2555,0.097,0.043,0.1,7
M,0.45,0.32,0.1,0.381,0.1705,0.075,0.115,9
M,0.355,0.28,0.095,0.2455,0.0955,0.062,0.075,11
I,0.38,0.275,0.1,0.2255,0.08,0.049,0.085,10
F,0.565,0.44,0.155,0.9395,0.4275,0.214,0.27,12
F,0.55,0.415,0.135,0.7635,0.318,0.21,0.2,9
F,0.615,0.48,0.165,1.1615,0.513,0.301,0.305,10
F,0.56,0.44,0.14,0.9285,0.3825,0.188,0.3,11
F,0.58,0.45,0.185,0.9955,0.3945,0.272,0.285,11
M,0.59,0.445,0.14,0.931,0.356,0.234,0.28,12
M,0.605,0.475,0.18,0.9365,0.394,0.219,0.295,15
M,0.575,0.425,0.14,0.8635,0.393,0.227,0.2,11
M,0.58,0.47,0.165,0.9975,0.3935,0.242,0.33,10
F,0.68,0.56,0.165,1.639,0.6055,0.2805,0.46,15
M,0.665,0.525,0.165,1.338,0.5515,0.3575,0.35,18
F,0.68,0.55,0.175,1.798,0.815,0.3925,0.455,19
F,0.705,0.55,0.2,1.7095,0.633,0.4115,0.49,13
M,0.465,0.355,0.105,0.4795,0.227,0.124,0.125,8
F,0.54,0.475,0.155,1.217,0.5305,0.3075,0.34,16
F,0.45,0.355,0.105,0.5225,0.237,0.1165,0.145,8
F,0.575,0.445,0.135,0.883,0.381,0.2035,0.26,11
M,0.355,0.29,0.09,0.3275,0.134,0.086,0.09,9
F,0.45,0.335,0.105,0.425,0.1865,0.091,0.115,9
M,0.58,0.45,0.15,0.927,0.276,0.1815,0.36,14
I,0.355,0.275,0.085,0.22,0.092,0.06,0.15,8
F,0.51,0.4,0.14,0.8145,0.459,0.1965,0.195,10
M,0.5,0.405,0.155,0.772,0.346,0.1535,0.245,12
F,0.505,0.41,0.15,0.644,0.285,0.145,0.21,11
M,0.64,0.5,0.185,1.3035,0.4445,0.2635,0.465,16
M,0.56,0.45,0.16,0.922,0.432,0.178,0.26,15
M,0.585,0.46,0.185,0.922,0.3635,0.213,0.285,10
F,0.45,0.345,0.12,0.4165,0.1655,0.095,0.135,9
M,0.5,0.4,0.165,0.825,0.254,0.205,0.285,13
F,0.5,0.4,0.145,0.63,0.234,0.1465,0.23,12
F,0.53,0.435,0.17,0.8155,0.2985,0.155,0.275,13
M,0.42,0.335,0.115,0.369,0.171,0.071,0.12,8
F,0.44,0.34,0.14,0.482,0.186,0.1085,0.16,9
I,0.4,0.3,0.11,0.315,0.109,0.067,0.12,9
I,0.435,0.34,0.11,0.3795,0.1495,0.085,0.12,8
F,0.525,0.415,0.17,0.8325,0.2755,0.1685,0.31,13
I,0.37,0.28,0.095,0.2655,0.122,0.052,0.08,7
F,0.49,0.365,0.145,0.6345,0.1995,0.1625,0.22,10
M,0.335,0.25,0.09,0.181,0.0755,0.0415,0.06,7
F,0.415,0.325,0.105,0.38,0.1595,0.0785,0.12,12
M,0.5,0.405,0.14,0.6155,0.241,0.1355,0.205,9
F,0.485,0.395,0.16,0.66,0.2475,0.128,0.235,14
M,0.55,0.405,0.14,0.8025,0.244,0.1635,0.255,10
M,0.45,0.35,0.13,0.46,0.174,0.111,0.135,8
I,0.405,0.3,0.12,0.324,0.1265,0.07,0.11,7
M,0.47,0.36,0.135,0.501,0.1665,0.115,0.165,10
F,0.415,0.305,0.13,0.32,0.1305,0.0755,0.105,8
F,0.445,0.325,0.125,0.455,0.1785,0.1125,0.14,9
F,0.47,0.35,0.145,0.5175,0.187,0.1235,0.18,11
F,0.49,0.375,0.15,0.5755,0.22,0.144,0.19,9
F,0.445,0.355,0.15,0.485,0.181,0.125,0.155,11
I,0.425,0.38,0.105,0.3265,0.1285,0.0785,0.1,10
F,0.5,0.37,0.135,0.45,0.1715,0.1055,0.155,9
F,0.39,0.29,0.125,0.3055,0.121,0.082,0.09,7
I,0.365,0.27,0.085,0.205,0.078,0.0485,0.07,7
F,0.58,0.465,0.165,1.1015,0.404,0.2095,0.35,11
F,0.53,0.415,0.16,0.783,0.2935,0.158,0.245,15
M,0.555,0.445,0.135,0.836,0.336,0.1625,0.275,13
M,0.565,0.44,0.175,0.9025,0.31,0.193,0.325,14
M,0.625,0.505,0.215,1.4455,0.496,0.287,0.435,22
I,0.275,0.215,0.075,0.1155,0.0485,0.029,0.035,7
I,0.44,0.35,0.135,0.435,0.1815,0.083,0.125,12
I,0.295,0.225,0.08,0.124,0.0485,0.032,0.04,9
I,0.075,0.055,0.01,0.002,0.001,0.0005,0.0015,1
I,0.13,0.1,0.03,0.013,0.0045,0.003,0.004,3
I,0.11,0.09,0.03,0.008,0.0025,0.002,0.003,3
I,0.16,0.12,0.035,0.021,0.0075,0.0045,0.005,5
M,0.565,0.425,0.16,0.9425,0.3495,0.2185,0.275,17
I,0.27,0.2,0.07,0.1,0.034,0.0245,0.035,5
I,0.23,0.175,0.065,0.0645,0.026,0.0105,0.02,5
I,0.3,0.23,0.08,0.1275,0.0435,0.0265,0.04,8
I,0.33,0.255,0.085,0.1655,0.063,0.039,0.06,8
I,0.35,0.26,0.085,0.174,0.0705,0.0345,0.06,10
I,0.32,0.245,0.08,0.1585,0.0635,0.0325,0.05,13
I,0.36,0.275,0.085,0.1975,0.0745,0.0415,0.07,9
I,0.305,0.245,0.075,0.156,0.0675,0.038,0.045,7
I,0.345,0.27,0.11,0.2135,0.082,0.0545,0.07,7
I,0.33,0.25,0.105,0.1715,0.0655,0.035,0.06,7
M,0.59,0.47,0.18,1.1235,0.4205,0.2805,0.36,13
F,0.595,0.455,0.155,1.0605,0.5135,0.2165,0.3,12
F,0.575,0.46,0.185,1.094,0.4485,0.217,0.345,15
M,0.6,0.495,0.165,1.2415,0.485,0.2775,0.34,15
M,0.56,0.45,0.175,1.011,0.3835,0.2065,0.37,15
M,0.56,0.45,0.185,1.07,0.3805,0.175,0.41,19
M,0.545,0.46,0.16,0.8975,0.341,0.1655,0.345,10
F,0.635,0.505,0.17,1.415,0.605,0.297,0.365,15
F,0.59,0.475,0.16,1.1015,0.4775,0.2555,0.295,13
F,0.54,0.475,0.155,0.928,0.394,0.194,0.26,11
F,0.57,0.44,0.125,0.865,0.3675,0.1725,0.27,12
M,0.53,0.42,0.165,0.8945,0.319,0.239,0.245,11
I,0.245,0.195,0.06,0.095,0.0445,0.0245,0.026,4
M,0.27,0.2,0.08,0.1205,0.0465,0.028,0.04,6
F,0.46,0.38,0.13,0.639,0.3,0.1525,0.16,11
M,0.52,0.45,0.15,0.895,0.3615,0.186,0.235,14
M,0.35,0.275,0.11,0.2925,0.1225,0.0635,0.0905,8
M,0.47,0.39,0.15,0.6355,0.2185,0.0885,0.255,9
I,0.485,0.37,0.13,0.458,0.181,0.113,0.136,10
M,0.37,0.285,0.1,0.228,0.0675,0.0675,0.081,10
M,0.35,0.265,0.09,0.1775,0.0575,0.042,0.068,12
F,0.44,0.345,0.17,0.4085,0.15,0.0825,0.1515,12
M,0.195,0.145,0.05,0.032,0.01,0.008,0.012,4
M,0.325,0.24,0.075,0.155,0.0475,0.0355,0.06,9
I,0.495,0.37,0.125,0.4775,0.185,0.0705,0.169,18
I,0.45,0.35,0.145,0.525,0.2085,0.1,0.1655,15
M,0.415,0.345,0.135,0.3865,0.128,0.07,0.148,13
F,0.47,0.355,0.14,0.433,0.1525,0.095,0.152,12
M,0.32,0.24,0.085,0.17,0.0655,0.047,0.049,7
M,0.31,0.225,0.075,0.1295,0.0455,0.0335,0.044,9
M,0.235,0.17,0.055,0.0515,0.018,0.0105,0.0195,7
M,0.345,0.255,0.08,0.169,0.06,0.0425,0.054,10
I,0.485,0.38,0.14,0.673,0.2175,0.13,0.195,18
F,0.5,0.385,0.115,0.6785,0.2945,0.138,0.195,12
F,0.5,0.385,0.105,0.498,0.1795,0.1095,0.17,17
I,0.465,0.36,0.105,0.498,0.214,0.116,0.14,15
F,0.525,0.405,0.16,0.658,0.2655,0.1125,0.225,12
F,0.425,0.335,0.095,0.322,0.1205,0.061,0.125,10
F,0.38,0.305,0.095,0.2815,0.1255,0.0525,0.09,8
I,0.53,0.415,0.145,0.944,0.3845,0.185,0.265,21
M,0.34,0.265,0.085,0.1835,0.077,0.046,0.065,10
I,0.475,0.365,0.115,0.49,0.223,0.1235,0.1335,9
F,0.43,0.34,0.12,0.391,0.1555,0.095,0.1405,7
M,0.46,0.365,0.125,0.467,0.1895,0.0945,0.158,10
I,0.47,0.36,0.13,0.5225,0.198,0.1065,0.165,9
M,0.36,0.295,0.1,0.2105,0.066,0.0525,0.075,9
M,0.355,0.265,0.09,0.168,0.05,0.041,0.063,8
M,0.38,0.235,0.1,0.258,0.1055,0.054,0.08,7
M,0.355,0.26,0.085,0.1905,0.081,0.0485,0.055,6
I,0.44,0.345,0.12,0.487,0.1965,0.108,0.16,14
F,0.51,0.4,0.13,0.5735,0.219,0.1365,0.195,13
M,0.325,0.24,0.085,0.173,0.0795,0.038,0.05,7
I,0.62,0.485,0.18,1.1785,0.4675,0.2655,0.39,13
F,0.59,0.45,0.16,0.9,0.358,0.156,0.315,19
M,0.33,0.255,0.095,0.1875,0.0735,0.045,0.06,7
M,0.45,0.34,0.13,0.3715,0.1605,0.0795,0.105,9
I,0.445,0.33,0.12,0.347,0.12,0.084,0.105,11
M,0.33,0.215,0.075,0.1145,0.045,0.0265,0.035,6
M,0.48,0.375,0.145,0.777,0.216,0.13,0.17,9
I,0.46,0.35,0.12,0.4885,0.193,0.105,0.155,11
F,0.475,0.36,0.125,0.447,0.1695,0.081,0.14,9
M,0.255,0.18,0.065,0.079,0.034,0.014,0.025,5
I,0.335,0.245,0.09,0.1665,0.0595,0.04,0.06,6
I,0.47,0.35,0.13,0.466,0.1845,0.099,0.145,11
M,0.31,0.225,0.08,0.1345,0.054,0.024,0.05,7
F,0.37,0.28,0.11,0.2305,0.0945,0.0465,0.075,10
M,0.295,0.215,0.075,0.129,0.05,0.0295,0.04,7
F,0.555,0.435,0.165,0.97,0.336,0.2315,0.295,17
F,0.615,0.515,0.17,1.14,0.4305,0.2245,0.42,16
I,0.58,0.49,0.195,1.3165,0.5305,0.254,0.41,18
F,0.585,0.475,0.185,0.9585,0.4145,0.1615,0.33,11
I,0.65,0.525,0.18,1.626,0.597,0.3445,0.53,18
I,0.535,0.45,0.17,0.781,0.3055,0.1555,0.295,11
F,0.415,0.34,0.13,0.3675,0.146,0.0885,0.12,10
M,0.615,0.51,0.15,1.296,0.545,0.3315,0.32,9
M,0.615,0.505,0.165,1.34,0.5315,0.2815,0.41,12
F,0.62,0.505,0.16,1.3725,0.6285,0.275,0.3685,11
M,0.62,0.5,0.165,1.307,0.6355,0.2545,0.315,9
F,0.625,0.49,0.155,1.2085,0.465,0.162,0.411,11
F,0.625,0.49,0.2,1.3825,0.5895,0.285,0.381,11
M,0.63,0.505,0.165,1.26,0.4525,0.2755,0.406,14
M,0.635,0.51,0.17,1.3555,0.619,0.305,0.39,9
F,0.635,0.5,0.15,1.376,0.6495,0.361,0.31,10
F,0.635,0.485,0.165,1.2945,0.668,0.2605,0.2715,9
F,0.64,0.51,0.165,1.486,0.7595,0.332,0.321,8
M,0.65,0.525,0.175,1.4715,0.675,0.315,0.399,11
M,0.655,0.52,0.165,1.4095,0.586,0.291,0.405,9
M,0.655,0.58,0.205,2.0805,0.959,0.3415,0.601,17
M,0.66,0.53,0.17,1.3905,0.5905,0.212,0.453,15
M,0.66,0.52,0.19,1.558,0.755,0.298,0.4,10
F,0.67,0.585,0.16,1.309,0.5445,0.2945,0.413,10
F,0.675,0.525,0.17,1.8095,0.784,0.391,0.455,12
F,0.675,0.525,0.155,1.4785,0.628,0.3405,0.42,9
F,0.68,0.56,0.195,1.7775,0.861,0.322,0.415,11
F,0.685,0.54,0.16,1.6675,0.833,0.3775,0.475,11
F,0.695,0.56,0.22,1.834,0.8455,0.422,0.455,11
M,0.73,0.595,0.23,2.8255,1.1465,0.419,0.897,17
I,0.205,0.14,0.05,0.046,0.0165,0.012,0.0135,6
I,0.24,0.175,0.055,0.0705,0.025,0.014,0.021,5
I,0.24,0.175,0.065,0.0665,0.031,0.0135,0.017,3
I,0.255,0.19,0.05,0.083,0.0295,0.0215,0.027,6
I,0.255,0.18,0.055,0.083,0.031,0.0215,0.02,4
I,0.265,0.195,0.06,0.092,0.0345,0.025,0.0245,6
I,0.28,0.12,0.075,0.117,0.0455,0.029,0.0345,4
I,0.295,0.23,0.08,0.1625,0.065,0.05,0.0385,5
I,0.3,0.235,0.08,0.131,0.05,0.0265,0.043,4
I,0.3,0.23,0.095,0.1385,0.056,0.0365,0.037,6
I,0.305,0.22,0.07,0.141,0.062,0.031,0.037,5
I,0.315,0.235,0.075,0.1485,0.0585,0.0375,0.0425,6
I,0.315,0.23,0.07,0.144,0.053,0.0305,0.04,8
I,0.32,0.24,0.09,0.1575,0.07,0.0265,0.0425,5
I,0.325,0.24,0.075,0.187,0.0825,0.0445,0.05,6
I,0.33,0.265,0.085,0.196,0.0775,0.0305,0.0445,6
I,0.335,0.25,0.075,0.1825,0.0705,0.044,0.055,7
I,0.335,0.25,0.075,0.186,0.0945,0.038,0.0445,7
I,0.34,0.25,0.075,0.1785,0.0665,0.0455,0.045,5
I,0.34,0.25,0.07,0.2225,0.104,0.0425,0.055,7
I,0.345,0.265,0.1,0.2455,0.111,0.0535,0.065,7
I,0.37,0.29,0.095,0.249,0.1045,0.058,0.067,6
I,0.37,0.28,0.095,0.2865,0.1505,0.069,0.0795,7
I,0.375,0.28,0.09,0.215,0.084,0.06,0.055,6
I,0.385,0.265,0.08,0.251,0.124,0.037,0.07,6
I,0.41,0.31,0.09,0.339,0.155,0.0695,0.09,7
I,0.41,0.305,0.09,0.3535,0.157,0.0745,0.1,7
I,0.41,0.31,0.09,0.3335,0.1635,0.061,0.091,6
I,0.415,0.33,0.09,0.3595,0.17,0.081,0.09,6
I,0.42,0.32,0.115,0.376,0.169,0.092,0.1,5
I,0.42,0.315,0.1,0.3435,0.157,0.0795,0.09,6
I,0.425,0.34,0.1,0.382,0.164,0.096,0.1,6
I,0.425,0.315,0.1,0.377,0.1645,0.072,0.105,6
I,0.43,0.325,0.1,0.3645,0.1575,0.0825,0.105,7
I,0.43,0.325,0.09,0.425,0.217,0.087,0.095,7
I,0.435,0.325,0.12,0.3995,0.1815,0.061,0.1125,8
I,0.435,0.34,0.115,0.3925,0.1825,0.078,0.1145,6
I,0.44,0.345,0.13,0.4495,0.209,0.0835,0.134,6
I,0.44,0.325,0.09,0.35,0.148,0.067,0.105,7
F,0.445,0.335,0.11,0.4355,0.2025,0.1095,0.1195,6
I,0.445,0.35,0.13,0.4195,0.1695,0.0945,0.1195,7
I,0.45,0.36,0.13,0.478,0.191,0.127,0.137,7
I,0.45,0.355,0.105,0.4445,0.197,0.093,0.1335,8
I,0.45,0.345,0.11,0.47,0.2355,0.0855,0.1135,7
I,0.45,0.335,0.105,0.447,0.2335,0.153,0.119,7
M,0.615,0.47,0.165,1.128,0.4465,0.2195,0.34,10
M,0.615,0.5,0.17,1.054,0.4845,0.228,0.295,10
F,0.615,0.475,0.165,1.023,0.4905,0.1955,0.3035,12
M,0.615,0.475,0.17,1.129,0.4795,0.302,0.3,10
M,0.615,0.48,0.175,1.118,0.446,0.3195,0.3,9
F,0.615,0.475,0.155,1.115,0.484,0.2115,0.355,10
M,0.62,0.51,0.175,1.2815,0.5715,0.2385,0.39,10
M,0.62,0.495,0.18,1.2555,0.5765,0.254,0.355,12
F,0.62,0.5,0.15,1.293,0.596,0.3135,0.354,10
F,0.62,0.475,0.16,1.1295,0.463,0.2685,0.33,10
M,0.625,0.455,0.17,1.082,0.4955,0.2345,0.315,9
F,0.625,0.505,0.175,1.15,0.5475,0.256,0.3045,11
F,0.625,0.515,0.16,1.264,0.5715,0.326,0.321,9
F,0.625,0.48,0.155,1.2035,0.5865,0.239,0.3185,12
F,0.63,0.485,0.17,1.3205,0.5945,0.345,0.345,9
I,0.63,0.505,0.18,1.272,0.6025,0.295,0.315,11
M,0.63,0.485,0.145,1.062,0.5065,0.1785,0.3365,12
I,0.63,0.475,0.145,1.0605,0.5165,0.2195,0.28,10
M,0.63,0.495,0.16,1.093,0.497,0.221,0.315,12
M,0.635,0.49,0.16,1.101,0.534,0.1865,0.3455,10
F,0.635,0.5,0.165,1.4595,0.705,0.2645,0.39,9
F,0.635,0.495,0.175,1.211,0.707,0.2725,0.323,9
M,0.635,0.475,0.17,1.1935,0.5205,0.2695,0.3665,10
M,0.635,0.51,0.155,0.986,0.405,0.2255,0.31,10
M,0.64,0.565,0.23,1.521,0.644,0.372,0.406,15
M,0.64,0.525,0.18,1.3135,0.4865,0.2995,0.4075,10
M,0.645,0.51,0.16,1.1835,0.556,0.2385,0.345,11
M,0.645,0.5,0.195,1.401,0.6165,0.3515,0.3725,10
M,0.645,0.525,0.16,1.5075,0.7455,0.245,0.4325,11
F,0.65,0.505,0.165,1.16,0.4785,0.274,0.349,11
F,0.65,0.59,0.22,1.662,0.77,0.378,0.435,11
M,0.65,0.525,0.175,1.5365,0.6865,0.3585,0.405,11
M,0.65,0.51,0.19,1.542,0.7155,0.3735,0.375,9
F,0.65,0.51,0.17,1.567,0.7245,0.349,0.391,10
F,0.655,0.525,0.19,1.3595,0.564,0.3215,0.3985,10
M,0.655,0.535,0.205,1.6445,0.7305,0.3595,0.46,13
F,0.655,0.52,0.19,1.4545,0.6,0.3865,0.383,10
M,0.655,0.49,0.175,1.3585,0.6395,0.294,0.365,10
F,0.66,0.495,0.21,1.548,0.724,0.3525,0.3925,10
F,0.66,0.515,0.17,1.337,0.615,0.3125,0.3575,10
F,0.665,0.53,0.18,1.491,0.6345,0.342,0.435,10
F,0.67,0.53,0.225,1.5615,0.63,0.487,0.3725,11
F,0.67,0.505,0.175,1.0145,0.4375,0.271,0.3745,10
M,0.675,0.545,0.185,1.7375,0.876,0.3135,0.469,13
M,0.685,0.545,0.205,1.7925,0.8145,0.416,0.461,9
I,0.575,0.45,0.125,0.78,0.3275,0.188,0.235,9
M,0.575,0.47,0.185,0.985,0.3745,0.2175,0.355,10
F,0.575,0.465,0.195,0.9965,0.417,0.247,0.47,8
I,0.575,0.445,0.17,0.8015,0.3475,0.1465,0.25,9
I,0.575,0.45,0.135,0.807,0.3615,0.176,0.254,10
F,0.575,0.435,0.15,1.0305,0.4605,0.218,0.36,8
M,0.575,0.445,0.16,0.839,0.4005,0.198,0.239,9
M,0.575,0.44,0.16,0.9615,0.483,0.166,0.275,13
F,0.58,0.435,0.15,0.834,0.428,0.1515,0.23,8
M,0.58,0.46,0.155,1.0335,0.469,0.2225,0.295,10
M,0.58,0.43,0.13,0.798,0.365,0.173,0.2285,10
I,0.58,0.445,0.125,0.7095,0.303,0.1405,0.235,9
F,0.585,0.445,0.14,0.913,0.4305,0.2205,0.253,10
M,0.59,0.49,0.165,1.207,0.559,0.235,0.309,10
I,0.59,0.45,0.145,1.022,0.428,0.268,0.265,10
I,0.59,0.46,0.145,0.9015,0.419,0.1785,0.26,11
F,0.595,0.435,0.15,0.9,0.4175,0.17,0.265,8
M,0.595,0.45,0.14,0.838,0.3965,0.194,0.217,10
M,0.595,0.45,0.145,0.959,0.463,0.2065,0.2535,10
I,0.595,0.46,0.15,0.8335,0.377,0.1925,0.235,8
F,0.6,0.46,0.155,0.9735,0.427,0.2045,0.3,8
F,0.6,0.475,0.15,1.13,0.575,0.196,0.305,9
M,0.6,0.48,0.165,0.9165,0.4135,0.1965,0.2725,9
I,0.6,0.48,0.17,0.9175,0.38,0.2225,0.29,8
F,0.6,0.48,0.18,1.0645,0.4495,0.2455,0.325,10
M,0.6,0.47,0.165,1.059,0.504,0.241,0.275,9
M,0.6,0.47,0.16,1.194,0.5625,0.3045,0.2635,10
F,0.605,0.455,0.145,0.9775,0.468,0.1775,0.275,9
M,0.605,0.475,0.145,0.884,0.3835,0.1905,0.27,8
I,0.605,0.47,0.145,0.8025,0.379,0.2265,0.22,9
F,0.605,0.48,0.14,0.991,0.4735,0.2345,0.24,8
F,0.605,0.47,0.155,0.974,0.393,0.224,0.3345,9
F,0.605,0.505,0.18,1.434,0.7285,0.264,0.431,11
M,0.61,0.475,0.155,0.983,0.4565,0.228,0.266,10
F,0.61,0.465,0.16,1.0725,0.4835,0.2515,0.28,10
F,0.61,0.485,0.15,1.2405,0.6025,0.2915,0.3085,12
M,0.61,0.47,0.16,1.022,0.449,0.2345,0.2945,9
F,0.61,0.475,0.16,1.1155,0.3835,0.223,0.379,10
I,0.61,0.465,0.125,0.9225,0.436,0.19,0.26,9
M,0.61,0.47,0.17,1.1185,0.5225,0.2405,0.31,9
F,0.61,0.485,0.18,1.2795,0.5735,0.2855,0.355,7
M,0.615,0.47,0.16,1.0175,0.473,0.2395,0.28,10
M,0.615,0.475,0.175,1.224,0.6035,0.261,0.311,9
I,0.62,0.485,0.18,1.154,0.4935,0.256,0.315,12
F,0.62,0.515,0.155,1.3255,0.6685,0.2605,0.335,12
M,0.62,0.515,0.175,1.221,0.535,0.241,0.395,13
F,0.62,0.54,0.165,1.139,0.4995,0.2435,0.357,11
I,0.62,0.49,0.16,1.066,0.446,0.246,0.305,11
F,0.62,0.48,0.18,1.2215,0.582,0.2695,0.313,12
I,0.62,0.47,0.14,0.8565,0.3595,0.16,0.295,9
I,0.62,0.45,0.135,0.924,0.358,0.2265,0.2965,10
M,0.62,0.48,0.15,1.266,0.6285,0.2575,0.309,12
F,0.62,0.48,0.175,1.0405,0.464,0.2225,0.3,9
M,0.625,0.49,0.165,1.1165,0.4895,0.2615,0.3325,11
M,0.625,0.475,0.16,1.0845,0.5005,0.2355,0.3105,10
M,0.625,0.5,0.17,1.0985,0.4645,0.22,0.354,9
I,0.625,0.47,0.155,1.1955,0.643,0.2055,0.3145,12
F,0.625,0.485,0.175,1.362,0.6765,0.2615,0.3705,10
I,0.625,0.485,0.15,1.044,0.438,0.2865,0.278,9
M,0.63,0.505,0.17,1.0915,0.4615,0.266,0.3,9
F,0.63,0.5,0.18,1.1965,0.514,0.2325,0.3995,8
M,0.63,0.49,0.17,1.1745,0.5255,0.273,0.339,11
F,0.54,0.425,0.16,0.9455,0.3675,0.2005,0.295,9
I,0.54,0.395,0.135,0.6555,0.2705,0.155,0.192,9
I,0.54,0.39,0.125,0.6255,0.2525,0.158,0.19,8
I,0.545,0.425,0.14,0.8145,0.305,0.231,0.244,10
I,0.545,0.43,0.14,0.687,0.2615,0.1405,0.25,9
I,0.55,0.435,0.14,0.7995,0.295,0.1905,0.238,10
I,0.55,0.45,0.13,0.804,0.3375,0.1405,0.23,6
M,0.555,0.435,0.14,0.7495,0.341,0.1645,0.214,8
M,0.555,0.41,0.125,0.599,0.2345,0.1465,0.194,8
M,0.555,0.4,0.13,0.7075,0.332,0.1585,0.18,7
I,0.555,0.45,0.175,0.738,0.304,0.1755,0.22,9
M,0.555,0.455,0.135,0.837,0.382,0.171,0.235,9
I,0.56,0.445,0.165,0.832,0.3455,0.179,0.279,9
F,0.565,0.445,0.125,0.8305,0.3135,0.1785,0.23,11
M,0.565,0.415,0.125,0.667,0.302,0.1545,0.185,7
M,0.565,0.455,0.155,0.9355,0.421,0.183,0.26,11
I,0.565,0.435,0.145,0.8445,0.3975,0.158,0.255,9
M,0.565,0.45,0.16,0.895,0.415,0.195,0.246,9
I,0.565,0.46,0.155,0.8715,0.3755,0.215,0.25,10
M,0.57,0.46,0.155,1.0005,0.454,0.205,0.265,11
M,0.57,0.455,0.155,0.832,0.3585,0.174,0.277,11
M,0.57,0.44,0.175,0.9415,0.3805,0.2285,0.283,9
M,0.57,0.415,0.13,0.88,0.4275,0.1955,0.238,13
F,0.57,0.44,0.12,0.803,0.382,0.1525,0.234,9
M,0.575,0.45,0.13,0.785,0.318,0.193,0.2265,9
M,0.575,0.45,0.155,0.9765,0.495,0.2145,0.235,9
M,0.575,0.435,0.135,0.992,0.432,0.2225,0.239,10
M,0.575,0.455,0.155,1.013,0.4685,0.2085,0.295,11
M,0.575,0.445,0.145,0.876,0.3795,0.1615,0.27,10
F,0.575,0.465,0.175,1.099,0.4735,0.202,0.35,9
I,0.575,0.45,0.135,0.8715,0.45,0.162,0.225,10
I,0.575,0.45,0.135,0.8245,0.3375,0.2115,0.239,11
F,0.575,0.43,0.155,0.7955,0.3485,0.1925,0.22,9
M,0.575,0.475,0.145,0.857,0.3665,0.173,0.269,9
F,0.58,0.45,0.195,0.8265,0.4035,0.173,0.225,9
F,0.58,0.5,0.165,0.925,0.37,0.185,0.3005,10
M,0.58,0.44,0.15,1.0465,0.518,0.2185,0.2795,10
I,0.58,0.44,0.145,0.7905,0.3525,0.1645,0.242,10
M,0.58,0.44,0.16,0.8295,0.3365,0.2005,0.2485,9
M,0.595,0.455,0.15,0.886,0.4315,0.201,0.223,10
F,0.6,0.47,0.135,0.97,0.4655,0.1955,0.264,11
M,0.6,0.46,0.17,1.1805,0.456,0.337,0.329,11
M,0.6,0.475,0.15,0.99,0.386,0.2195,0.3105,10
F,0.6,0.465,0.16,1.133,0.466,0.2885,0.298,11
I,0.605,0.49,0.165,1.071,0.482,0.1935,0.352,10
F,0.605,0.455,0.145,0.862,0.334,0.1985,0.3,9
M,0.515,0.4,0.14,0.6335,0.288,0.145,0.168,9
M,0.525,0.41,0.13,0.6875,0.3435,0.1495,0.1765,9
F,0.53,0.43,0.15,0.741,0.325,0.1855,0.196,9
F,0.53,0.405,0.13,0.6355,0.2635,0.1565,0.185,9
M,0.545,0.44,0.14,0.8395,0.356,0.1905,0.2385,11
F,0.55,0.47,0.15,0.9205,0.381,0.2435,0.2675,10
F,0.56,0.41,0.16,0.8215,0.342,0.184,0.253,9
M,0.565,0.445,0.145,0.9255,0.4345,0.212,0.2475,9
F,0.57,0.435,0.15,0.8295,0.3875,0.156,0.245,10
M,0.58,0.46,0.16,1.063,0.513,0.2705,0.2625,9
M,0.59,0.465,0.165,1.115,0.5165,0.273,0.275,10
F,0.6,0.45,0.14,0.837,0.37,0.177,0.2425,10
M,0.605,0.445,0.14,0.982,0.4295,0.2085,0.295,12
M,0.61,0.49,0.16,1.112,0.465,0.228,0.341,10
F,0.625,0.515,0.18,1.3485,0.5255,0.252,0.3925,14
M,0.66,0.515,0.195,1.5655,0.7345,0.353,0.386,9
I,0.255,0.19,0.06,0.086,0.04,0.0185,0.025,5
I,0.27,0.195,0.065,0.1065,0.0475,0.0225,0.0285,5
I,0.28,0.215,0.08,0.132,0.072,0.022,0.033,5
I,0.285,0.215,0.07,0.1075,0.051,0.0225,0.027,6
I,0.32,0.255,0.085,0.1745,0.072,0.033,0.057,8
I,0.325,0.24,0.07,0.152,0.0565,0.0305,0.054,8
I,0.385,0.28,0.1,0.2755,0.1305,0.061,0.0725,8
I,0.395,0.295,0.1,0.293,0.14,0.062,0.082,7
F,0.4,0.305,0.16,0.368,0.173,0.0705,0.105,7
I,0.405,0.31,0.09,0.312,0.138,0.06,0.087,8
I,0.415,0.305,0.12,0.336,0.165,0.076,0.0805,7
I,0.42,0.315,0.115,0.355,0.1895,0.065,0.087,6
I,0.44,0.305,0.115,0.379,0.162,0.091,0.11,9
I,0.445,0.32,0.12,0.378,0.152,0.0825,0.12,8
M,0.45,0.35,0.13,0.4655,0.2075,0.1045,0.135,8
F,0.455,0.355,1.13,0.594,0.332,0.116,0.1335,8
M,0.46,0.345,0.12,0.4935,0.2435,0.1175,0.132,8
M,0.46,0.345,0.11,0.4595,0.235,0.0885,0.116,7
M,0.465,0.36,0.11,0.4955,0.2665,0.085,0.121,7
I,0.465,0.355,0.09,0.4325,0.2005,0.074,0.1275,9
F,0.475,0.38,0.14,0.689,0.3165,0.1315,0.1955,7
I,0.48,0.35,0.135,0.5465,0.2735,0.0995,0.158,8
M,0.485,0.39,0.135,0.617,0.25,0.1345,0.1635,8
I,0.49,0.37,0.11,0.538,0.271,0.1035,0.139,8
M,0.5,0.39,0.135,0.7815,0.361,0.1575,0.2385,9
F,0.5,0.38,0.14,0.6355,0.277,0.143,0.1785,8
M,0.505,0.385,0.13,0.6435,0.3135,0.149,0.1515,7
M,0.525,0.385,0.1,0.5115,0.246,0.1005,0.1455,8
M,0.535,0.42,0.125,0.738,0.355,0.1895,0.1795,8
F,0.535,0.42,0.13,0.699,0.3125,0.1565,0.2035,8
F,0.54,0.385,0.14,0.7655,0.3265,0.116,0.2365,10
F,0.54,0.42,0.13,0.7505,0.368,0.1675,0.1845,9
F,0.545,0.43,0.16,0.844,0.3945,0.1855,0.231,9
M,0.55,0.41,0.13,0.8705,0.4455,0.2115,0.213,9
I,0.55,0.42,0.115,0.668,0.2925,0.137,0.209,11
F,0.565,0.44,0.135,0.83,0.393,0.1735,0.238,9
M,0.58,0.45,0.12,0.8685,0.418,0.1475,0.2605,8
F,0.58,0.435,0.15,0.839,0.3485,0.207,0.192,7
F,0.585,0.485,0.15,1.079,0.4145,0.2115,0.356,11
M,0.595,0.465,0.15,0.919,0.4335,0.1765,0.262,9
F,0.6,0.47,0.19,1.1345,0.492,0.2595,0.3375,10
F,0.61,0.43,0.14,0.909,0.438,0.2,0.22,8
M,0.61,0.48,0.165,1.2435,0.5575,0.2675,0.372,8
F,0.62,0.49,0.16,1.056,0.493,0.244,0.2725,9
M,0.645,0.495,0.15,1.2095,0.603,0.2225,0.339,9
M,0.65,0.5,0.14,1.238,0.6165,0.2355,0.32,8
F,0.665,0.525,0.21,1.644,0.818,0.3395,0.4275,10
M,0.685,0.55,0.2,1.7725,0.813,0.387,0.49,11
F,0.69,0.54,0.195,1.2525,0.73,0.3975,0.462,12
F,0.705,0.57,0.185,1.761,0.747,0.3725,0.488,10
F,0.71,0.5,0.15,1.3165,0.6835,0.2815,0.28,10
M,0.72,0.585,0.22,1.914,0.9155,0.448,0.479,11
F,0.72,0.575,0.215,2.1,0.8565,0.4825,0.602,12
F,0.73,0.555,0.18,1.6895,0.6555,0.1965,0.4935,10
M,0.775,0.57,0.22,2.032,0.735,0.4755,0.6585,17
F,0.505,0.39,0.115,0.66,0.3045,0.1555,0.175,8
M,0.53,0.425,0.13,0.7455,0.2995,0.1355,0.245,10
F,0.505,0.385,0.115,0.616,0.243,0.1075,0.21,11
I,0.405,0.305,0.09,0.2825,0.114,0.0575,0.095,7
M,0.415,0.3,0.1,0.3355,0.1545,0.0685,0.095,7
M,0.5,0.39,0.145,0.651,0.273,0.132,0.22,11
M,0.425,0.33,0.08,0.361,0.134,0.0825,0.125,7
M,0.47,0.35,0.1,0.4775,0.1885,0.0885,0.175,8
F,0.4,0.31,0.115,0.3465,0.1475,0.0695,0.115,10
I,0.37,0.29,0.1,0.25,0.1025,0.0505,0.085,10
M,0.5,0.38,0.155,0.66,0.2655,0.1365,0.215,19
I,0.41,0.31,0.11,0.315,0.124,0.082,0.095,9
M,0.375,0.29,0.1,0.276,0.1175,0.0565,0.085,9
M,0.525,0.425,0.12,0.702,0.3335,0.1465,0.22,12
F,0.52,0.415,0.145,0.8045,0.3325,0.1725,0.285,10
F,0.535,0.45,0.135,0.8075,0.322,0.181,0.25,13
M,0.475,0.36,0.12,0.578,0.2825,0.12,0.17,8
I,0.415,0.325,0.1,0.385,0.167,0.08,0.125,7
I,0.495,0.385,0.125,0.585,0.2755,0.1235,0.165,8
F,0.48,0.405,0.13,0.6375,0.277,0.1445,0.21,10
F,0.52,0.425,0.15,0.813,0.385,0.2015,0.23,10
M,0.46,0.375,0.13,0.5735,0.2505,0.119,0.195,9
F,0.58,0.455,0.12,0.94,0.399,0.257,0.265,11
M,0.59,0.49,0.135,1.008,0.422,0.2245,0.285,11
F,0.55,0.415,0.135,0.775,0.302,0.179,0.26,23
F,0.65,0.5,0.165,1.1445,0.485,0.218,0.365,12
F,0.465,0.375,0.135,0.6,0.2225,0.129,0.23,16
M,0.455,0.355,0.13,0.515,0.2,0.1275,0.175,11
M,0.47,0.375,0.13,0.5795,0.2145,0.164,0.195,13
F,0.435,0.35,0.11,0.384,0.143,0.1005,0.125,13
M,0.35,0.265,0.11,0.2965,0.1365,0.063,0.085,7
I,0.315,0.24,0.07,0.137,0.0545,0.0315,0.04,8
M,0.595,0.47,0.145,0.991,0.4035,0.1505,0.34,16
F,0.58,0.475,0.135,0.925,0.391,0.165,0.275,14
M,0.575,0.435,0.15,0.805,0.293,0.1625,0.27,17
M,0.535,0.435,0.155,0.8915,0.3415,0.177,0.25,13
M,0.515,0.42,0.14,0.769,0.2505,0.154,0.29,13
F,0.505,0.385,0.135,0.6185,0.251,0.1175,0.2,12
F,0.505,0.395,0.145,0.6515,0.2695,0.153,0.205,15
I,0.4,0.31,0.1,0.2875,0.1145,0.0635,0.095,10
M,0.49,0.395,0.135,0.5545,0.213,0.0925,0.215,14
M,0.53,0.435,0.135,0.7365,0.3275,0.1315,0.22,12
I,0.395,0.325,0.105,0.306,0.111,0.0735,0.095,8
F,0.665,0.535,0.19,1.496,0.5775,0.2815,0.475,17
F,0.415,0.305,0.105,0.3605,0.12,0.082,0.1,10
M,0.43,0.345,0.115,0.3045,0.0925,0.055,0.12,11
M,0.475,0.395,0.135,0.592,0.2465,0.1645,0.2,13
F,0.525,0.425,0.145,0.7995,0.3345,0.209,0.24,15
I,0.48,0.39,0.145,0.5825,0.2315,0.121,0.255,15
I,0.42,0.345,0.115,0.3435,0.1515,0.0795,0.115,9
M,0.59,0.46,0.155,0.906,0.327,0.1485,0.335,15
F,0.515,0.42,0.135,0.6295,0.2815,0.127,0.215,9
M,0.695,0.55,0.22,1.5515,0.566,0.3835,0.445,13
F,0.8,0.63,0.195,2.526,0.933,0.59,0.62,23
M,0.61,0.49,0.15,1.103,0.425,0.2025,0.36,23
F,0.565,0.48,0.175,0.957,0.3885,0.215,0.275,18
M,0.56,0.455,0.165,0.86,0.4015,0.1695,0.245,11
M,0.655,0.485,0.195,1.62,0.6275,0.358,0.485,17
M,0.64,0.52,0.2,1.407,0.566,0.304,0.455,17
F,0.59,0.47,0.17,0.9,0.355,0.1905,0.25,11
I,0.31,0.24,0.09,0.1455,0.0605,0.0315,0.045,7
I,0.255,0.185,0.07,0.075,0.028,0.018,0.025,6
I,0.17,0.125,0.055,0.0235,0.009,0.0055,0.008,6
M,0.67,0.55,0.17,1.247,0.472,0.2455,0.4,21
F,0.71,0.565,0.195,1.7265,0.638,0.3365,0.565,17
F,0.56,0.43,0.125,0.8025,0.313,0.1715,0.263,13
M,0.505,0.4,0.13,0.764,0.3035,0.189,0.2175,11
M,0.525,0.43,0.165,0.8645,0.376,0.1945,0.2515,16
F,0.45,0.36,0.105,0.4715,0.2035,0.0935,0.149,9
F,0.515,0.435,0.17,0.631,0.2765,0.111,0.216,12
M,0.59,0.475,0.16,0.9455,0.3815,0.184,0.27,19
M,0.7,0.53,0.19,1.3185,0.548,0.233,0.42,18
F,0.72,0.56,0.175,1.7265,0.637,0.3415,0.525,17
M,0.635,0.495,0.15,1.081,0.4825,0.242,0.31,11
M,0.555,0.44,0.135,0.9025,0.3805,0.2105,0.28,13
M,0.575,0.47,0.15,1.1415,0.4515,0.204,0.4,13
M,0.585,0.455,0.125,1.027,0.391,0.212,0.25,17
F,0.61,0.485,0.21,1.3445,0.535,0.2205,0.515,20
F,0.645,0.525,0.2,1.449,0.601,0.2565,0.505,13
F,0.545,0.44,0.175,0.7745,0.2985,0.1875,0.265,11
M,0.55,0.45,0.155,0.7895,0.343,0.159,0.25,12
F,0.66,0.525,0.205,1.3665,0.5005,0.291,0.41,18
M,0.57,0.475,0.195,1.0295,0.4635,0.1905,0.305,18
F,0.6,0.47,0.2,1.031,0.392,0.2035,0.29,15
F,0.63,0.505,0.165,1.065,0.4595,0.216,0.315,12
M,0.695,0.57,0.23,1.885,0.8665,0.435,0.5,19
M,0.465,0.34,0.105,0.486,0.231,0.1035,0.1225,9
I,0.475,0.385,0.11,0.5735,0.311,0.1025,0.136,7
I,0.475,0.355,0.105,0.468,0.201,0.1115,0.12,8
M,0.48,0.37,0.1,0.5135,0.243,0.1015,0.135,8
M,0.5,0.375,0.145,0.6215,0.274,0.166,0.1485,7
I,0.5,0.38,0.11,0.494,0.218,0.09,0.1325,7
I,0.505,0.385,0.12,0.6005,0.239,0.142,0.185,7
M,0.515,0.395,0.12,0.646,0.285,0.1365,0.172,9
M,0.525,0.415,0.135,0.7945,0.394,0.189,0.202,7
M,0.525,0.425,0.125,0.812,0.4035,0.1705,0.195,8
F,0.53,0.42,0.17,0.828,0.41,0.208,0.1505,6
M,0.53,0.41,0.14,0.681,0.3095,0.1415,0.1835,6
F,0.53,0.405,0.15,0.889,0.4055,0.2275,0.215,8
M,0.54,0.435,0.14,0.7345,0.33,0.1595,0.213,9
F,0.55,0.425,0.125,0.964,0.5475,0.159,0.215,8
F,0.555,0.425,0.14,0.963,0.44,0.224,0.24,7
F,0.57,0.445,0.15,0.995,0.504,0.185,0.2505,9
F,0.57,0.435,0.14,0.8585,0.3905,0.196,0.2295,8
M,0.575,0.45,0.155,0.948,0.429,0.206,0.259,7
F,0.58,0.445,0.145,0.888,0.41,0.1815,0.2425,8
F,0.585,0.45,0.16,0.9045,0.405,0.2215,0.2335,8
M,0.59,0.465,0.14,1.046,0.4695,0.263,0.263,7
F,0.595,0.47,0.155,1.1775,0.542,0.269,0.31,9
F,0.595,0.465,0.15,1.0765,0.491,0.22,0.287,9
F,0.595,0.465,0.15,1.0255,0.412,0.2745,0.289,11
F,0.6,0.46,0.145,0.9325,0.3985,0.2245,0.248,8
F,0.6,0.46,0.15,1.235,0.6025,0.274,0.29,8
M,0.6,0.46,0.15,1.247,0.5335,0.2735,0.29,9
M,0.61,0.48,0.15,1.1495,0.564,0.274,0.264,8
F,0.615,0.485,0.16,1.1575,0.5005,0.2495,0.315,10
F,0.615,0.5,0.165,1.327,0.6,0.3015,0.355,10
M,0.615,0.47,0.155,1.2,0.5085,0.32,0.292,8
F,0.62,0.51,0.175,1.2705,0.5415,0.323,0.3225,9
F,0.62,0.485,0.175,1.2155,0.545,0.253,0.345,10
F,0.62,0.475,0.16,1.3245,0.6865,0.233,0.3275,9
M,0.625,0.48,0.17,1.3555,0.671,0.268,0.3385,10
F,0.625,0.49,0.165,1.127,0.477,0.2365,0.3185,9
F,0.625,0.49,0.175,1.1075,0.4485,0.2165,0.3595,8
F,0.63,0.495,0.2,1.4255,0.659,0.336,0.38,11
F,0.63,0.495,0.145,1.147,0.5455,0.266,0.2885,9
M,0.63,0.48,0.165,1.286,0.604,0.271,0.35,8
F,0.635,0.495,0.18,1.596,0.617,0.317,0.37,11
F,0.635,0.495,0.195,1.297,0.556,0.2985,0.37,11
M,0.645,0.49,0.16,1.251,0.5355,0.3345,0.3165,9
M,0.645,0.5,0.175,1.5105,0.6735,0.3755,0.3775,12
F,0.65,0.5,0.185,1.4415,0.741,0.2955,0.341,9
M,0.67,0.52,0.19,1.6385,0.8115,0.369,0.391,9
F,0.69,0.545,0.205,1.933,0.7855,0.429,0.498,13
M,0.69,0.54,0.185,1.71,0.7725,0.3855,0.4325,8
F,0.695,0.55,0.155,1.8495,0.767,0.442,0.4175,10
M,0.695,0.525,0.175,1.742,0.696,0.389,0.505,12
F,0.7,0.575,0.205,1.7975,0.7295,0.3935,0.5165,13
F,0.705,0.56,0.205,2.381,0.9915,0.5005,0.624,10
M,0.765,0.585,0.18,2.398,1.128,0.512,0.5335,12
M,0.77,0.6,0.215,2.1945,1.0515,0.482,0.584,10
I,0.22,0.16,0.05,0.049,0.0215,0.01,0.015,4
I,0.275,0.205,0.07,0.1055,0.495,0.019,0.0315,5
I,0.29,0.21,0.06,0.1045,0.0415,0.022,0.035,5
I,0.33,0.24,0.075,0.163,0.0745,0.033,0.048,6
I,0.355,0.285,0.095,0.2275,0.0955,0.0475,0.0715,6
I,0.375,0.29,0.1,0.219,0.0925,0.038,0.075,6
I,0.415,0.315,0.1,0.3645,0.1765,0.0795,0.095,8
I,0.425,0.33,0.115,0.3265,0.1315,0.077,0.103,6
I,0.425,0.34,0.1,0.3515,0.1625,0.082,0.094,7
I,0.43,0.32,0.1,0.3465,0.1635,0.08,0.09,7
I,0.44,0.34,0.1,0.407,0.209,0.0735,0.103,7
I,0.44,0.335,0.115,0.4215,0.173,0.0765,0.113,7
I,0.46,0.345,0.11,0.3755,0.1525,0.058,0.125,7
I,0.46,0.37,0.12,0.5335,0.2645,0.108,0.1345,6
I,0.465,0.355,0.105,0.442,0.2085,0.0975,0.1185,7
I,0.475,0.365,0.1,0.1315,0.2025,0.0875,0.123,7
I,0.475,0.375,0.115,0.5205,0.233,0.119,0.1455,7
I,0.485,0.375,0.13,0.5535,0.266,0.112,0.157,8
I,0.49,0.375,0.125,0.5445,0.279,0.115,0.13,8
M,0.49,0.38,0.11,0.554,0.2935,0.1005,0.15,8
I,0.495,0.38,0.12,0.512,0.233,0.1205,0.136,7
I,0.5,0.39,0.125,0.583,0.294,0.132,0.1605,8
M,0.5,0.38,0.12,0.5765,0.273,0.135,0.145,9
M,0.505,0.4,0.135,0.723,0.377,0.149,0.178,7
I,0.51,0.395,0.155,0.5395,0.2465,0.1085,0.167,8
I,0.51,0.385,0.15,0.625,0.3095,0.119,0.1725,8
I,0.515,0.4,0.125,0.5925,0.265,0.1175,0.168,9
I,0.52,0.395,0.135,0.633,0.2985,0.1295,0.175,9
F,0.545,0.43,0.14,0.832,0.4355,0.17,0.201,9
M,0.545,0.42,0.145,0.778,0.3745,0.1545,0.205,7
M,0.545,0.42,0.12,0.7865,0.403,0.185,0.17,7
F,0.545,0.4,0.14,0.778,0.368,0.215,0.18,9
I,0.55,0.42,0.13,0.636,0.294,0.144,0.1755,8
F,0.55,0.44,0.135,0.8435,0.434,0.1995,0.185,8
I,0.555,0.425,0.13,0.648,0.2835,0.133,0.2105,8
M,0.565,0.43,0.13,0.784,0.3495,0.1885,0.213,9
F,0.57,0.45,0.18,0.908,0.4015,0.217,0.255,9
M,0.57,0.45,0.135,1.02,0.546,0.204,0.25,9
F,0.57,0.43,0.16,0.811,0.3875,0.159,0.2285,9
F,0.575,0.48,0.15,0.897,0.4235,0.1905,0.248,8
M,0.58,0.455,0.13,0.852,0.41,0.1725,0.225,8
F,0.585,0.45,0.15,0.938,0.467,0.203,0.225,7
F,0.585,0.435,0.14,0.6955,0.3085,0.129,0.2245,8
M,0.59,0.47,0.15,0.861,0.413,0.164,0.249,8
M,0.59,0.46,0.14,1.004,0.496,0.2165,0.26,9
F,0.59,0.46,0.16,1.0115,0.445,0.2615,0.2565,8
F,0.595,0.465,0.15,1.1005,0.5415,0.166,0.265,8
M,0.595,0.47,0.165,1.108,0.4915,0.2325,0.3345,9
M,0.595,0.46,0.14,0.852,0.4215,0.2255,0.227,9
M,0.6,0.49,0.21,1.9875,1.005,0.419,0.491,10
I,0.55,0.425,0.13,0.664,0.2695,0.163,0.21,8
F,0.55,0.435,0.14,0.745,0.347,0.174,0.2265,9
I,0.56,0.43,0.13,0.728,0.3355,0.1435,0.2175,8
I,0.56,0.435,0.13,0.777,0.354,0.173,0.222,9
F,0.575,0.425,0.15,0.8765,0.455,0.18,0.228,8
I,0.575,0.455,0.16,0.9895,0.495,0.195,0.246,9
M,0.575,0.45,0.165,0.9655,0.498,0.19,0.23,8
M,0.58,0.465,0.15,0.9065,0.371,0.1965,0.29,8
M,0.58,0.46,0.15,1.049,0.5205,0.1935,0.305,10
F,0.58,0.45,0.17,0.9705,0.4615,0.232,0.248,9
F,0.58,0.45,0.15,0.92,0.393,0.212,0.2895,9
M,0.58,0.445,0.15,0.9525,0.4315,0.1945,0.287,11
F,0.58,0.44,0.125,0.7855,0.363,0.1955,0.195,11
I,0.585,0.45,0.135,0.855,0.3795,0.187,0.26,9
M,0.59,0.5,0.15,1.142,0.485,0.265,0.345,9
I,0.59,0.46,0.125,0.755,0.334,0.15,0.238,9
I,0.59,0.475,0.145,0.9745,0.4675,0.207,0.259,10
M,0.595,0.47,0.155,1.2015,0.492,0.3865,0.265,10
M,0.595,0.46,0.17,1.1295,0.57,0.2555,0.265,10
I,0.6,0.445,0.135,0.9205,0.445,0.2035,0.253,9
F,0.6,0.48,0.17,1.056,0.4575,0.2435,0.3135,10
M,0.6,0.45,0.195,1.34,0.617,0.3255,0.3605,10
F,0.6,0.45,0.15,0.9625,0.4375,0.2225,0.2775,9
M,0.6,0.465,0.165,1.0475,0.465,0.2345,0.315,11
F,0.605,0.495,0.17,1.0915,0.4365,0.2715,0.335,13
M,0.605,0.49,0.18,1.167,0.457,0.29,0.3745,9
I,0.605,0.48,0.155,0.9995,0.425,0.1985,0.3,10
I,0.61,0.425,0.155,1.0485,0.507,0.1955,0.274,11
F,0.61,0.47,0.195,1.2735,0.469,0.3315,0.398,12
M,0.61,0.48,0.14,1.0625,0.516,0.225,0.2915,11
I,0.61,0.49,0.16,1.1545,0.5865,0.2385,0.2915,11
F,0.615,0.475,0.175,1.194,0.559,0.259,0.3165,11
F,0.615,0.515,0.135,1.1215,0.545,0.2305,0.29,9
M,0.615,0.455,0.15,0.9335,0.382,0.247,0.2615,10
F,0.615,0.495,0.165,1.198,0.5415,0.2865,0.3185,10
F,0.62,0.475,0.15,0.9545,0.455,0.1865,0.277,9
M,0.62,0.475,0.195,1.3585,0.5935,0.3365,0.3745,10
M,0.625,0.495,0.175,1.2075,0.531,0.281,0.3525,11
M,0.625,0.515,0.165,1.217,0.667,0.2065,0.3115,10
F,0.625,0.5,0.16,1.217,0.5725,0.207,0.355,11
F,0.625,0.49,0.145,0.92,0.437,0.1735,0.28,10
M,0.625,0.49,0.12,0.8765,0.456,0.18,0.233,10
F,0.63,0.48,0.165,1.2615,0.5505,0.277,0.3885,10
M,0.63,0.53,0.18,1.2795,0.618,0.256,0.315,9
M,0.35,0.265,0.09,0.2265,0.0995,0.0575,0.065,6
M,0.45,0.355,0.12,0.3955,0.147,0.0765,0.145,9
I,0.51,0.405,0.12,0.61,0.229,0.131,0.235,11
F,0.49,0.38,0.13,0.539,0.229,0.1355,0.165,12
F,0.505,0.41,0.135,0.657,0.291,0.133,0.195,15
M,0.38,0.3,0.1,0.2505,0.106,0.0535,0.0775,8
I,0.27,0.195,0.07,0.102,0.045,0.0135,0.034,8
F,0.37,0.295,0.1,0.2685,0.1165,0.056,0.0835,7
M,0.5,0.385,0.135,0.551,0.2245,0.0715,0.206,11
M,0.645,0.505,0.165,1.307,0.4335,0.262,0.52,10
M,0.565,0.44,0.115,0.9185,0.404,0.1785,0.29,11
F,0.67,0.545,0.175,1.707,0.6995,0.387,0.575,13
F,0.59,0.415,0.15,0.8805,0.3645,0.234,0.235,11
F,0.47,0.36,0.11,0.4965,0.237,0.127,0.13,6
F,0.51,0.385,0.135,0.632,0.282,0.145,0.17,8
M,0.72,0.575,0.23,2.2695,0.8835,0.3985,0.665,16
M,0.55,0.405,0.15,0.9235,0.412,0.2135,0.24,7
I,0.2,0.145,0.025,0.0345,0.011,0.0075,0.01,5
M,0.65,0.515,0.18,1.3315,0.5665,0.347,0.405,13
F,0.525,0.405,0.115,0.72,0.3105,0.1915,0.2,14
M,0.565,0.435,0.185,1.032,0.354,0.2045,0.31,20
F,0.61,0.47,0.16,1.017,0.426,0.2255,0.32,12
F,0.545,0.405,0.175,0.98,0.2585,0.207,0.38,18
I,0.325,0.245,0.075,0.1495,0.0605,0.033,0.045,5
I,0.31,0.235,0.075,0.1515,0.056,0.0315,0.05,7
M,0.45,0.335,0.14,0.478,0.1865,0.115,0.16,11
F,0.49,0.38,0.155,0.578,0.2395,0.1255,0.18,9
F,0.505,0.405,0.16,0.6835,0.271,0.145,0.215,10
F,0.385,0.3,0.1,0.2725,0.1115,0.057,0.08,6
F,0.62,0.485,0.22,1.511,0.5095,0.284,0.51,17
F,0.635,0.505,0.185,1.3035,0.501,0.295,0.41,17
F,0.665,0.53,0.185,1.3955,0.456,0.3205,0.49,15
M,0.335,0.265,0.095,0.1975,0.0795,0.0375,0.07,9
I,0.295,0.215,0.075,0.116,0.037,0.0295,0.04,8
I,0.48,0.38,0.125,0.523,0.2105,0.1045,0.175,15
I,0.32,0.25,0.08,0.1565,0.057,0.034,0.06,9
I,0.43,0.34,0.125,0.384,0.1375,0.061,0.146,14
M,0.565,0.45,0.14,1.0055,0.3785,0.244,0.265,12
F,0.6,0.48,0.165,1.1345,0.4535,0.27,0.335,10
F,0.585,0.46,0.17,1.0835,0.3745,0.326,0.325,14
F,0.555,0.42,0.14,0.868,0.33,0.243,0.21,13
F,0.57,0.495,0.16,1.0915,0.452,0.275,0.315,14
F,0.62,0.485,0.175,1.271,0.531,0.3075,0.37,11
M,0.63,0.51,0.19,1.4985,0.4125,0.3075,0.545,16
M,0.425,0.34,0.12,0.388,0.149,0.087,0.125,10
F,0.64,0.505,0.19,1.2355,0.4435,0.3105,0.365,14
M,0.675,0.525,0.175,1.402,0.483,0.3205,0.465,16
M,0.5,0.4,0.145,0.6025,0.216,0.138,0.21,11
M,0.385,0.305,0.09,0.2775,0.109,0.0515,0.1,9
M,0.52,0.435,0.195,0.973,0.2985,0.2135,0.355,18
M,0.52,0.415,0.175,0.753,0.258,0.171,0.255,8
M,0.64,0.525,0.2,1.3765,0.44,0.3075,0.47,16
I,0.44,0.35,0.12,0.375,0.1425,0.0965,0.115,9
F,0.42,0.32,0.13,0.4135,0.1645,0.106,0.119,10
F,0.45,0.35,0.135,0.56,0.231,0.137,0.145,13
I,0.42,0.325,0.125,0.3915,0.1575,0.1025,0.115,9
F,0.64,0.505,0.19,1.2765,0.4835,0.328,0.4,12
M,0.57,0.455,0.15,0.96,0.387,0.2385,0.275,11
M,0.41,0.325,0.12,0.3745,0.158,0.081,0.125,12
M,0.485,0.41,0.15,0.696,0.2405,0.1625,0.265,13
F,0.61,0.48,0.19,1.2955,0.5215,0.3225,0.365,12
F,0.59,0.485,0.205,1.2315,0.4525,0.238,0.42,13
M,0.665,0.535,0.155,1.383,0.596,0.2565,0.485,14
I,0.345,0.285,0.1,0.2225,0.0865,0.058,0.075,8
M,0.635,0.51,0.155,1.156,0.428,0.289,0.315,18
M,0.695,0.53,0.15,1.477,0.6375,0.3025,0.43,14
F,0.69,0.54,0.185,1.5715,0.6935,0.318,0.47,15
M,0.555,0.435,0.135,0.858,0.377,0.1585,0.29,15
M,0.65,0.525,0.19,1.4995,0.6265,0.4005,0.395,14
M,0.635,0.48,0.19,1.467,0.5825,0.303,0.42,15
F,0.655,0.51,0.16,1.092,0.396,0.2825,0.37,14
F,0.69,0.555,0.205,1.8165,0.7785,0.4395,0.515,19
F,0.695,0.55,0.16,1.6365,0.694,0.3005,0.44,13
M,0.55,0.435,0.16,0.906,0.342,0.219,0.295,13
F,0.61,0.495,0.19,1.213,0.464,0.306,0.365,15
M,0.595,0.5,0.165,1.06,0.402,0.28,0.275,11
M,0.3,0.24,0.09,0.161,0.0725,0.039,0.05,6
F,0.435,0.35,0.125,0.459,0.197,0.1145,0.145,9
I,0.455,0.375,0.125,0.533,0.233,0.106,0.185,8
M,0.48,0.38,0.13,0.6175,0.3,0.142,0.175,12
I,0.43,0.35,0.105,0.366,0.1705,0.0855,0.11,6
F,0.435,0.35,0.105,0.4195,0.194,0.1005,0.13,7
I,0.3,0.23,0.075,0.15,0.0605,0.042,0.045,5
F,0.575,0.48,0.15,0.8745,0.375,0.193,0.29,12
M,0.505,0.385,0.11,0.655,0.3185,0.15,0.185,9
M,0.455,0.375,0.125,0.484,0.2155,0.102,0.165,7
M,0.64,0.505,0.165,1.4435,0.6145,0.3035,0.39,18
F,0.56,0.435,0.125,0.8775,0.3345,0.2145,0.29,13
F,0.645,0.52,0.19,1.3105,0.58,0.288,0.37,12
F,0.595,0.475,0.165,1.148,0.444,0.214,0.37,10
M,0.6,0.475,0.15,1.089,0.5195,0.223,0.292,11
M,0.61,0.47,0.155,1.0325,0.497,0.2175,0.2785,9
F,0.63,0.475,0.15,1.172,0.536,0.254,0.316,11
M,0.64,0.51,0.17,1.3715,0.567,0.307,0.409,10
F,0.65,0.545,0.185,1.5055,0.6565,0.341,0.43,10
M,0.71,0.55,0.2,1.9045,0.882,0.44,0.5,13
M,0.74,0.605,0.2,2.4925,1.1455,0.575,0.5235,13
I,0.25,0.18,0.065,0.0805,0.0345,0.0185,0.0215,4
I,0.28,0.21,0.065,0.111,0.0425,0.0285,0.03,6
I,0.325,0.24,0.075,0.152,0.065,0.0305,0.045,6
I,0.35,0.265,0.095,0.199,0.073,0.049,0.06,5
I,0.36,0.27,0.09,0.219,0.097,0.0405,0.065,6
I,0.365,0.27,0.105,0.2155,0.0915,0.0475,0.063,6
I,0.37,0.28,0.09,0.2565,0.1255,0.0645,0.0645,6
I,0.375,0.285,0.09,0.257,0.1045,0.062,0.075,7
I,0.38,0.275,0.095,0.2505,0.0945,0.0655,0.075,6
I,0.395,0.3,0.09,0.279,0.134,0.049,0.075,8
I,0.43,0.335,0.105,0.378,0.188,0.0785,0.09,6
I,0.44,0.35,0.125,0.456,0.21,0.0955,0.131,8
I,0.465,0.37,0.1,0.5055,0.234,0.11,0.14,7
F,0.465,0.355,0.115,0.4705,0.1955,0.118,0.126,7
M,0.48,0.37,0.13,0.643,0.349,0.1155,0.135,8
I,0.485,0.37,0.1,0.513,0.219,0.1075,0.13,7
F,0.49,0.4,0.115,0.569,0.256,0.1325,0.145,9
I,0.495,0.4,0.145,0.578,0.2545,0.1305,0.1645,8
I,0.5,0.385,0.11,0.596,0.3015,0.104,0.151,8
F,0.505,0.39,0.12,0.5725,0.2555,0.1325,0.146,8
M,0.52,0.39,0.12,0.6435,0.2885,0.157,0.161,7
M,0.52,0.395,0.125,0.8115,0.4035,0.166,0.2,7
F,0.525,0.44,0.125,0.7115,0.3205,0.159,0.1915,7
M,0.55,0.44,0.155,0.9155,0.3645,0.195,0.25,8
F,0.555,0.44,0.145,0.8815,0.43,0.1975,0.2155,8
F,0.555,0.42,0.11,0.931,0.4445,0.171,0.225,8
F,0.575,0.46,0.165,1.065,0.4985,0.2145,0.2815,8
M,0.6,0.475,0.155,1.1385,0.502,0.2295,0.31,9
F,0.61,0.48,0.16,1.234,0.598,0.238,0.315,12
F,0.61,0.495,0.175,1.2635,0.53,0.315,0.3455,10
F,0.61,0.47,0.16,1.0745,0.4925,0.236,0.29,8
M,0.615,0.505,0.19,1.403,0.6715,0.2925,0.365,8
M,0.62,0.485,0.165,1.1325,0.5235,0.2505,0.2825,9
F,0.625,0.495,0.16,1.1115,0.4495,0.2825,0.345,11
F,0.625,0.47,0.17,1.255,0.525,0.2415,0.405,10
M,0.625,0.485,0.17,1.437,0.5855,0.293,0.475,11
M,0.635,0.495,0.155,1.3635,0.583,0.2985,0.295,10
F,0.64,0.48,0.195,1.1435,0.4915,0.2345,0.353,9
M,0.64,0.5,0.17,1.4545,0.642,0.3575,0.354,9
M,0.66,0.525,0.18,1.478,0.5815,0.381,0.372,10
F,0.665,0.52,0.165,1.6885,0.7295,0.407,0.4265,11
F,0.715,0.585,0.23,2.0725,0.8655,0.4095,0.565,10
M,0.72,0.565,0.2,1.787,0.718,0.385,0.529,11
F,0.725,0.58,0.185,1.523,0.8045,0.3595,0.4375,9
I,0.165,0.12,0.05,0.021,0.0075,0.0045,0.014,3
I,0.21,0.15,0.055,0.0455,0.02,0.0065,0.013,4
I,0.355,0.265,0.085,0.2435,0.122,0.0525,0.06,6
I,0.4,0.315,0.085,0.2675,0.116,0.0585,0.0765,6
I,0.4,0.29,0.1,0.258,0.104,0.059,0.0815,7
I,0.4,0.3,0.11,0.2985,0.1375,0.071,0.075,6
I,0.435,0.335,0.11,0.411,0.2025,0.0945,0.1,7
I,0.44,0.33,0.11,0.38,0.197,0.079,0.09,7
I,0.45,0.34,0.105,0.4385,0.21,0.0925,0.12,8
I,0.465,0.345,0.105,0.4015,0.242,0.0345,0.109,6
I,0.47,0.355,0.145,0.4485,0.156,0.102,0.123,7
I,0.47,0.355,0.115,0.4155,0.167,0.084,0.139,7
I,0.475,0.42,0.16,0.7095,0.35,0.1505,0.1845,8
I,0.485,0.37,0.115,0.637,0.38,0.1335,0.128,7
F,0.505,0.475,0.16,1.1155,0.509,0.239,0.3065,8
I,0.51,0.405,0.13,0.599,0.3065,0.1155,0.1485,8
I,0.52,0.38,0.13,0.5345,0.2375,0.122,0.1535,8
F,0.53,0.42,0.14,0.627,0.2905,0.1165,0.183,8
M,0.535,0.42,0.16,0.7465,0.348,0.1515,0.2185,10
M,0.55,0.44,0.16,0.985,0.4645,0.201,0.27,8
M,0.555,0.44,0.145,0.85,0.4165,0.1685,0.23,8
M,0.555,0.44,0.15,0.838,0.4155,0.146,0.23,8
F,0.555,0.43,0.135,0.812,0.4055,0.163,0.2215,9
M,0.56,0.415,0.13,0.7615,0.3695,0.17,0.1955,8
M,0.575,0.44,0.145,0.87,0.3945,0.2195,0.225,8
F,0.585,0.45,0.145,0.9835,0.4845,0.242,0.22,9
M,0.59,0.46,0.145,0.929,0.38,0.24,0.255,10
F,0.595,0.47,0.165,1.0155,0.491,0.1905,0.289,9
M,0.6,0.41,0.145,0.939,0.4475,0.196,0.268,8
M,0.6,0.475,0.16,1.164,0.5045,0.2635,0.335,12
M,0.61,0.47,0.175,1.214,0.5315,0.2835,0.325,10
F,0.615,0.49,0.19,1.1345,0.4695,0.257,0.348,11
F,0.62,0.51,0.18,1.233,0.592,0.274,0.322,10
M,0.625,0.495,0.18,1.0815,0.4715,0.254,0.3135,10
M,0.625,0.47,0.175,1.179,0.605,0.258,0.271,9
F,0.64,0.5,0.165,1.1635,0.554,0.239,0.32,11
F,0.64,0.475,0.175,1.1545,0.4865,0.341,0.288,9
F,0.645,0.52,0.175,1.3345,0.667,0.2665,0.355,10
M,0.65,0.505,0.18,1.469,0.7115,0.3335,0.38,9
M,0.655,0.52,0.18,1.492,0.7185,0.36,0.355,11
F,0.655,0.54,0.175,1.5585,0.7285,0.402,0.385,11
F,0.66,0.5,0.175,1.3275,0.556,0.2805,0.4085,9
M,0.67,0.525,0.18,1.6615,0.8005,0.3645,0.43,10
I,0.63,0.49,0.17,1.217,0.5515,0.212,0.31,11
F,0.63,0.505,0.195,1.306,0.516,0.3305,0.375,9
M,0.64,0.5,0.175,1.273,0.5065,0.2925,0.405,13
M,0.645,0.51,0.19,1.4865,0.6445,0.296,0.425,12
M,0.65,0.52,0.17,1.3655,0.6155,0.2885,0.36,11
M,0.65,0.495,0.17,1.276,0.6215,0.2305,0.399,11
M,0.65,0.495,0.16,1.2075,0.55,0.2695,0.32,10
F,0.65,0.52,0.195,1.281,0.5985,0.246,0.3825,10
M,0.65,0.525,0.205,1.4275,0.69,0.306,0.4355,13
M,0.65,0.51,0.175,1.155,0.4955,0.2025,0.385,12
F,0.65,0.51,0.175,1.35,0.575,0.3155,0.3885,10
M,0.65,0.525,0.19,1.3685,0.5975,0.296,0.4,11
F,0.66,0.53,0.17,1.431,0.622,0.309,0.398,10
M,0.66,0.51,0.18,1.261,0.5,0.2335,0.339,10
F,0.665,0.54,0.195,1.764,0.8505,0.3615,0.47,11
F,0.67,0.51,0.155,1.278,0.5605,0.3045,0.358,11
M,0.67,0.54,0.195,1.217,0.532,0.2735,0.3315,11
F,0.67,0.54,0.2,1.46,0.6435,0.328,0.4165,9
F,0.675,0.535,0.185,1.5575,0.7035,0.402,0.4,11
M,0.675,0.51,0.17,1.527,0.809,0.318,0.341,11
F,0.675,0.53,0.195,1.4985,0.62,0.375,0.425,9
M,0.685,0.55,0.19,1.885,0.89,0.41,0.4895,10
M,0.685,0.535,0.175,1.432,0.637,0.247,0.46,11
M,0.705,0.55,0.21,1.4385,0.655,0.3255,0.462,11
F,0.705,0.53,0.17,1.564,0.612,0.394,0.44,10
M,0.71,0.555,0.175,2.14,1.2455,0.3725,0.434,11
F,0.725,0.56,0.185,1.792,0.873,0.367,0.435,11
M,0.78,0.6,0.21,2.548,1.1945,0.5745,0.6745,11
I,0.235,0.13,0.075,0.1585,0.0685,0.037,0.0465,5
I,0.35,0.25,0.1,0.4015,0.1725,0.063,0.1255,7
I,0.36,0.25,0.115,0.465,0.21,0.1055,0.128,7
I,0.38,0.28,0.095,0.2885,0.165,0.0435,0.067,7
F,0.38,0.32,0.115,0.6475,0.323,0.1325,0.164,7
M,0.43,0.31,0.13,0.6485,0.2735,0.163,0.184,9
I,0.465,0.36,0.105,0.452,0.22,0.159,0.1035,9
I,0.47,0.355,0.12,0.4915,0.1765,0.1125,0.1325,9
F,0.485,0.365,0.15,0.9145,0.4145,0.199,0.273,7
M,0.495,0.375,0.155,0.976,0.45,0.2285,0.2475,9
I,0.5,0.395,0.145,0.7865,0.332,0.1815,0.2455,8
M,0.505,0.4,0.15,0.775,0.3445,0.157,0.185,7
I,0.51,0.375,0.15,0.8415,0.3845,0.156,0.255,10
M,0.51,0.38,0.135,0.681,0.3435,0.142,0.17,9
M,0.515,0.37,0.115,0.6145,0.3415,0.155,0.146,9
F,0.55,0.415,0.18,1.1655,0.502,0.301,0.311,9
F,0.575,0.42,0.19,1.764,0.914,0.377,0.4095,10
M,0.605,0.455,0.16,1.1215,0.533,0.273,0.271,10
M,0.615,0.505,0.165,1.167,0.4895,0.2955,0.345,10
M,0.615,0.475,0.15,1.0375,0.476,0.2325,0.283,9
M,0.625,0.48,0.18,1.223,0.565,0.2975,0.3375,10
M,0.625,0.47,0.15,1.124,0.556,0.2315,0.287,9
F,0.635,0.505,0.17,1.2635,0.512,0.322,0.355,9
F,0.65,0.525,0.165,1.238,0.647,0.2485,0.3005,9
F,0.65,0.5,0.17,1.4045,0.694,0.318,0.3235,11
F,0.67,0.525,0.195,1.37,0.6065,0.2955,0.407,12
F,0.695,0.525,0.205,1.8185,0.819,0.4025,0.4525,13
F,0.705,0.555,0.195,1.7525,0.7105,0.4215,0.516,12
I,0.275,0.205,0.065,0.101,0.041,0.021,0.034,5
I,0.285,0.205,0.07,0.106,0.039,0.0285,0.034,5
I,0.36,0.265,0.085,0.1865,0.0675,0.037,0.0615,7
I,0.385,0.29,0.1,0.2575,0.1,0.061,0.086,6
I,0.4,0.315,0.1,0.3225,0.143,0.0735,0.091,6
I,0.43,0.33,0.095,0.32,0.118,0.065,0.123,7
I,0.435,0.375,0.11,0.4155,0.17,0.076,0.145,8
I,0.45,0.335,0.115,0.3935,0.195,0.071,0.11,7
I,0.475,0.355,0.135,0.4775,0.2145,0.09,0.1435,8
I,0.475,0.36,0.11,0.452,0.191,0.099,0.13,8
I,0.485,0.37,0.14,0.5065,0.2425,0.088,0.1465,8
I,0.51,0.395,0.105,0.5525,0.234,0.127,0.165,8
I,0.515,0.39,0.12,0.565,0.235,0.135,0.179,9
I,0.52,0.41,0.14,0.699,0.3395,0.129,0.1945,10
I,0.525,0.4,0.14,0.6055,0.2605,0.108,0.21,9
M,0.53,0.425,0.155,0.7905,0.307,0.171,0.2595,9
I,0.49,0.385,0.12,0.591,0.271,0.1125,0.1775,9
F,0.515,0.395,0.14,0.686,0.281,0.1255,0.22,12
F,0.555,0.44,0.155,1.016,0.4935,0.1855,0.263,10
F,0.61,0.5,0.18,1.438,0.5185,0.3735,0.3345,9
F,0.68,0.55,0.19,1.807,0.8225,0.3655,0.515,11
M,0.69,0.55,0.195,1.777,0.769,0.38,0.4305,11
M,0.695,0.55,0.205,2.173,1.133,0.4665,0.496,10
F,0.72,0.575,0.195,2.1505,1.0745,0.382,0.585,10
I,0.27,0.205,0.075,0.118,0.059,0.031,0.0305,4
I,0.27,0.19,0.06,0.099,0.0445,0.017,0.03,5
I,0.295,0.22,0.07,0.1365,0.0575,0.0295,0.035,6
I,0.295,0.22,0.065,0.1295,0.052,0.028,0.035,6
I,0.315,0.23,0.07,0.164,0.0625,0.04,0.045,6
I,0.375,0.29,0.095,0.2875,0.123,0.0605,0.08,6
I,0.38,0.3,0.09,0.277,0.1655,0.0625,0.082,6
I,0.385,0.285,0.09,0.248,0.0935,0.066,0.07,6
I,0.4,0.295,0.095,0.252,0.1105,0.0575,0.066,6
M,0.415,0.315,0.12,0.4015,0.199,0.087,0.097,8
I,0.415,0.33,0.1,0.3905,0.1925,0.0755,0.1025,7
I,0.42,0.32,0.115,0.409,0.2055,0.0935,0.105,8
I,0.44,0.33,0.135,0.4095,0.163,0.1005,0.119,6
I,0.45,0.35,0.135,0.494,0.2205,0.0945,0.1405,7
I,0.475,0.35,0.12,0.4905,0.2035,0.13,0.135,7
M,0.485,0.39,0.12,0.599,0.251,0.1345,0.169,8
M,0.495,0.375,0.115,0.6245,0.282,0.143,0.155,6
F,0.525,0.41,0.115,0.7745,0.416,0.163,0.18,7
M,0.565,0.455,0.15,0.9795,0.444,0.205,0.275,8
I,0.58,0.435,0.15,0.8915,0.363,0.1925,0.2515,6
F,0.585,0.45,0.125,0.874,0.3545,0.2075,0.225,6
M,0.6,0.465,0.155,1.262,0.6245,0.2455,0.33,10
M,0.63,0.48,0.185,1.21,0.53,0.2555,0.322,11
F,0.645,0.525,0.17,1.37,0.6135,0.283,0.34,10
F,0.655,0.545,0.185,1.759,0.6865,0.313,0.547,11
M,0.665,0.515,0.165,1.3855,0.621,0.302,0.3445,8
F,0.67,0.52,0.195,1.8065,0.758,0.3735,0.5055,11
M,0.67,0.51,0.2,1.5945,0.6705,0.3845,0.4505,10
M,0.685,0.51,0.18,1.4545,0.6315,0.3105,0.3725,9
M,0.7,0.6,0.23,2.003,0.8105,0.4045,0.5755,10
M,0.72,0.6,0.235,2.2385,0.984,0.411,0.621,12
I,0.185,0.135,0.045,0.032,0.011,0.0065,0.01,4
I,0.245,0.175,0.055,0.0785,0.04,0.018,0.02,5
I,0.315,0.23,0,0.134,0.0575,0.0285,0.3505,6
I,0.36,0.27,0.09,0.2075,0.098,0.039,0.062,6
I,0.375,0.28,0.08,0.2235,0.115,0.043,0.055,6
I,0.415,0.31,0.095,0.34,0.181,0.057,0.083,6
I,0.455,0.35,0.135,0.5365,0.2855,0.0855,0.1325,7
I,0.48,0.35,0.105,0.635,0.352,0.127,0.135,6
I,0.485,0.375,0.125,0.562,0.2505,0.1345,0.1525,8
I,0.51,0.39,0.125,0.597,0.293,0.1265,0.1555,8
M,0.52,0.395,0.125,0.5815,0.2565,0.1265,0.17,10
F,0.555,0.43,0.14,0.7545,0.3525,0.1835,0.2015,9
M,0.585,0.465,0.15,0.98,0.4315,0.2545,0.247,9
F,0.585,0.46,0.15,1.0035,0.503,0.2105,0.2515,11
M,0.585,0.455,0.155,1.133,0.5515,0.223,0.305,12
M,0.61,0.49,0.16,1.146,0.597,0.246,0.265,8
M,0.61,0.475,0.15,1.142,0.62,0.237,0.245,9
M,0.615,0.53,0.17,1.12,0.5775,0.2095,0.286,9
F,0.62,0.465,0.14,1.011,0.479,0.2385,0.255,8
M,0.625,0.505,0.175,1.131,0.5425,0.2265,0.323,8
M,0.625,0.48,0.175,1.065,0.4865,0.259,0.285,10
M,0.635,0.48,0.145,1.181,0.665,0.229,0.225,10
F,0.64,0.525,0.175,1.382,0.646,0.3115,0.37,9
M,0.66,0.505,0.19,1.4385,0.6775,0.285,0.178,11
M,0.66,0.485,0.155,1.2275,0.61,0.274,0.3,8
M,0.66,0.515,0.155,1.4415,0.7055,0.3555,0.335,10
F,0.68,0.55,0.175,1.473,0.713,0.282,0.4295,11
F,0.69,0.58,0.195,1.658,0.708,0.3615,0.4715,10
M,0.72,0.545,0.195,1.7475,0.8215,0.383,0.4705,11
I,0.275,0.2,0.07,0.096,0.037,0.0225,0.03,6
I,0.33,0.245,0.065,0.1445,0.058,0.032,0.0505,6
I,0.33,0.26,0.085,0.1965,0.0915,0.0425,0.055,7
I,0.365,0.28,0.09,0.196,0.0865,0.036,0.0605,7
I,0.365,0.27,0.09,0.2155,0.1005,0.049,0.0655,6
I,0.42,0.31,0.1,0.2805,0.1125,0.0615,0.0925,8
I,0.435,0.335,0.11,0.334,0.1355,0.0775,0.0965,7
I,0.435,0.325,0.1,0.366,0.174,0.0725,0.109,7
I,0.44,0.325,0.11,0.4965,0.258,0.1195,0.1075,8
I,0.485,0.365,0.09,0.651,0.3165,0.132,0.18,8
I,0.495,0.385,0.125,0.5125,0.2075,0.1155,0.172,10
M,0.51,0.405,0.125,0.6925,0.327,0.155,0.1805,7
I,0.52,0.41,0.14,0.5995,0.242,0.1375,0.182,11
I,0.54,0.42,0.14,0.74,0.3595,0.159,0.1985,8
I,0.54,0.415,0.155,0.702,0.322,0.167,0.19,10
I,0.55,0.445,0.125,0.672,0.288,0.1365,0.21,11
I,0.56,0.44,0.155,0.811,0.3685,0.178,0.235,11
F,0.575,0.45,0.12,0.9585,0.447,0.169,0.275,12
I,0.575,0.45,0.15,0.858,0.449,0.166,0.215,10
F,0.575,0.46,0.165,0.9575,0.4815,0.1945,0.236,10
F,0.58,0.46,0.135,0.926,0.4025,0.208,0.275,8
F,0.58,0.425,0.155,0.873,0.3615,0.249,0.239,10
M,0.59,0.45,0.16,0.998,0.445,0.214,0.301,9
M,0.6,0.46,0.155,0.6655,0.285,0.149,0.269,11
M,0.62,0.485,0.145,1.003,0.4655,0.2195,0.28,11
F,0.625,0.495,0.16,1.234,0.6335,0.192,0.35,13
M,0.625,0.495,0.155,1.025,0.46,0.1945,0.34,9
M,0.625,0.495,0.175,1.2935,0.5805,0.317,0.355,9
M,0.625,0.5,0.175,1.0565,0.4615,0.258,0.305,10
M,0.625,0.47,0.145,1.7855,0.675,0.247,0.3245,13
F,0.625,0.485,0.165,1.2255,0.5075,0.296,0.36,10
F,0.635,0.5,0.18,1.2565,0.539,0.292,0.35,10
F,0.645,0.5,0.15,1.159,0.4675,0.3355,0.31,9
M,0.645,0.51,0.165,1.403,0.5755,0.2515,0.4545,11
F,0.69,0.535,0.185,1.826,0.797,0.409,0.499,11